{"count":1,"self":124.27761919999999,"total":424.0705908,"children":{"InitializeActuators":{"count":12,"self":0.0015168999999999998,"total":0.0015168999999999998,"children":null},"InitializeSensors":{"count":12,"self":0.0010268999999999999,"total":0.0010268999999999999,"children":null},"AgentSendState":{"count":147751,"self":0.8741034,"total":4.5940267,"children":{"CollectObservations":{"count":354612,"self":1.6687220999999999,"total":1.6687220999999999,"children":null},"WriteActionMask":{"count":354612,"self":0.1343626,"total":0.1343626,"children":null},"RequestDecision":{"count":354612,"self":0.54972749999999992,"total":1.9168386,"children":{"AgentInfo.ToProto":{"count":354612,"self":0.4922666,"total":1.3671111,"children":{"GenerateSensorData":{"count":354612,"self":0.87484449999999991,"total":0.87484449999999991,"children":null}}}}}}},"DecideAction":{"count":147751,"self":293.0203904,"total":293.02038899999997,"children":null},"AgentAct":{"count":147751,"self":2.1725958,"total":2.1725958,"children":null},"AgentInfo.ToProto":{"count":29,"self":0,"total":0.0024238,"children":{"GenerateSensorData":{"count":29,"self":0.0024238,"total":0.0024238,"children":null}}}},"gauges":{"GoalSeeker.CumulativeReward":{"count":29,"max":0.9992,"min":0.9217841,"runningAverage":0.984205,"value":0.9619338,"weightedAverage":0.968101144}},"metadata":{"timer_format_version":"0.1.0","start_time_seconds":"1767911370","unity_version":"6000.2.6f2","command_line_arguments":"C:\\Program Files\\Unity\\Hub\\Editor\\6000.2.6f2\\Editor\\Unity.exe -projectpath C:\\Users\\Paula\\Documents\\GitHub\\Final_AI_Project\\Final_AI_LAB_V2 -acceptSoftwareTermsForThisRunOnly -useHub -hubIPC -cloudEnvironment production -licensingIpc LicenseClient-Paula -hubSessionId 5e0afe49-bf63-4d66-9707-48c0c0974bd7 -accessToken 4wMkNiw14oS5sg5xS30pBOVDyyznweUuhBZOF32v8Dc006f","communication_protocol_version":"1.5.0","com.unity.ml-agents_version":"2.0.2","scene_name":"AITraining","end_time_seconds":"1767911794"}}