{
    "name": "root",
    "gauges": {
        "GoalSeeker.Policy.Entropy.mean": {
            "value": 2.790050506591797,
            "min": 2.790050506591797,
            "max": 2.7912209033966064,
            "count": 2
        },
        "GoalSeeker.Policy.Entropy.sum": {
            "value": 137705.734375,
            "min": 137705.734375,
            "max": 145768.71875,
            "count": 2
        },
        "GoalSeeker.Environment.EpisodeLength.mean": {
            "value": 2437.0,
            "min": 1091.9444444444443,
            "max": 2437.0,
            "count": 2
        },
        "GoalSeeker.Environment.EpisodeLength.sum": {
            "value": 12185.0,
            "min": 12185.0,
            "max": 19655.0,
            "count": 2
        },
        "GoalSeeker.Step.mean": {
            "value": 99959.0,
            "min": 49881.0,
            "max": 99959.0,
            "count": 2
        },
        "GoalSeeker.Step.sum": {
            "value": 99959.0,
            "min": 49881.0,
            "max": 99959.0,
            "count": 2
        },
        "GoalSeeker.Policy.ExtrinsicValueEstimate.mean": {
            "value": 0.2907097339630127,
            "min": 0.05517533794045448,
            "max": 0.2907097339630127,
            "count": 2
        },
        "GoalSeeker.Policy.ExtrinsicValueEstimate.sum": {
            "value": 58.141944885253906,
            "min": 11.366119384765625,
            "max": 58.141944885253906,
            "count": 2
        },
        "GoalSeeker.Environment.CumulativeReward.mean": {
            "value": 0.9756231910549105,
            "min": 0.9756231910549105,
            "max": 0.9890739931724966,
            "count": 2
        },
        "GoalSeeker.Environment.CumulativeReward.sum": {
            "value": 4.878115955274552,
            "min": 4.878115955274552,
            "max": 17.803331877104938,
            "count": 2
        },
        "GoalSeeker.Policy.ExtrinsicReward.mean": {
            "value": 0.9756231910549105,
            "min": 0.9756231910549105,
            "max": 0.9890739931724966,
            "count": 2
        },
        "GoalSeeker.Policy.ExtrinsicReward.sum": {
            "value": 4.878115955274552,
            "min": 4.878115955274552,
            "max": 17.803331877104938,
            "count": 2
        },
        "GoalSeeker.Losses.PolicyLoss.mean": {
            "value": 0.05051903766189808,
            "min": 0.05051903766189808,
            "max": 0.05141638897915872,
            "count": 2
        },
        "GoalSeeker.Losses.PolicyLoss.sum": {
            "value": 0.3031142259713885,
            "min": 0.2570819448957936,
            "max": 0.3031142259713885,
            "count": 2
        },
        "GoalSeeker.Losses.ValueLoss.mean": {
            "value": 0.0035241004327976476,
            "min": 0.0035241004327976476,
            "max": 0.012744073186635368,
            "count": 2
        },
        "GoalSeeker.Losses.ValueLoss.sum": {
            "value": 0.021144602596785887,
            "min": 0.021144602596785887,
            "max": 0.06372036593317684,
            "count": 2
        },
        "GoalSeeker.Policy.LearningRate.mean": {
            "value": 0.00027796665734445,
            "min": 0.00027796665734445,
            "max": 0.00029202054265981995,
            "count": 2
        },
        "GoalSeeker.Policy.LearningRate.sum": {
            "value": 0.0016677999440667,
            "min": 0.0014601027132990997,
            "max": 0.0016677999440667,
            "count": 2
        },
        "GoalSeeker.Policy.Epsilon.mean": {
            "value": 0.19265555000000004,
            "min": 0.19265555000000004,
            "max": 0.19734018,
            "count": 2
        },
        "GoalSeeker.Policy.Epsilon.sum": {
            "value": 1.1559333000000003,
            "min": 0.9867009,
            "max": 1.1559333000000003,
            "count": 2
        },
        "GoalSeeker.Policy.Beta.mean": {
            "value": 0.009266289444999999,
            "min": 0.009266289444999999,
            "max": 0.009734283982000002,
            "count": 2
        },
        "GoalSeeker.Policy.Beta.sum": {
            "value": 0.055597736669999995,
            "min": 0.048671419910000006,
            "max": 0.055597736669999995,
            "count": 2
        },
        "GoalSeeker.IsTraining.mean": {
            "value": 1.0,
            "min": 1.0,
            "max": 1.0,
            "count": 2
        },
        "GoalSeeker.IsTraining.sum": {
            "value": 1.0,
            "min": 1.0,
            "max": 1.0,
            "count": 2
        }
    },
    "metadata": {
        "timer_format_version": "0.1.0",
        "start_time_seconds": "1767907448",
        "python_version": "3.10.12 | packaged by Anaconda, Inc. | (main, Jul  5 2023, 19:01:18) [MSC v.1916 64 bit (AMD64)]",
        "command_line_arguments": "C:\\Users\\Paula\\miniconda3\\envs\\mlagents\\Scripts\\mlagents-learn GoalChaser_config.yaml --run-id=GoalSeeker16-long --no-graphics",
        "mlagents_version": "1.2.0.dev0",
        "mlagents_envs_version": "1.2.0.dev0",
        "communication_protocol_version": "1.5.0",
        "pytorch_version": "2.2.2+cu121",
        "numpy_version": "1.23.5",
        "end_time_seconds": "1767907700"
    },
    "total": 252.80160770000657,
    "count": 1,
    "self": 0.006917099992278963,
    "children": {
        "run_training.setup": {
            "total": 0.09726629999931902,
            "count": 1,
            "self": 0.09726629999931902
        },
        "TrainerController.start_learning": {
            "total": 252.69742430001497,
            "count": 1,
            "self": 0.13561029848642647,
            "children": {
                "TrainerController._reset_env": {
                    "total": 8.252715500013437,
                    "count": 1,
                    "self": 8.252715500013437
                },
                "TrainerController.advance": {
                    "total": 244.19908460153965,
                    "count": 9675,
                    "self": 0.13826670782873407,
                    "children": {
                        "env_step": {
                            "total": 215.89329499768792,
                            "count": 9675,
                            "self": 181.25102139968658,
                            "children": {
                                "SubprocessEnvManager._take_step": {
                                    "total": 34.5494835980935,
                                    "count": 9675,
                                    "self": 0.5596460009692237,
                                    "children": {
                                        "TorchPolicy.evaluate": {
                                            "total": 33.98983759712428,
                                            "count": 9661,
                                            "self": 33.98983759712428
                                        }
                                    }
                                },
                                "workers": {
                                    "total": 0.09278999990783632,
                                    "count": 9674,
                                    "self": 0.0,
                                    "children": {
                                        "worker_root": {
                                            "total": 150.11066339944955,
                                            "count": 9674,
                                            "is_parallel": true,
                                            "self": 73.15292149834568,
                                            "children": {
                                                "steps_from_proto": {
                                                    "total": 0.00035660003777593374,
                                                    "count": 1,
                                                    "is_parallel": true,